"AR","AT","BE","CH","CL","DE","DK","ES","FI","FR","UK","HU","ID","IE","IN","IT","JP","KR","MX","MY","NL","NO","PT","SE","TH","US","date"
NA,NA,NA,NA,NA,NA,NA,NA,NA,NA,NA,NA,NA,NA,NA,NA,NA,NA,NA,NA,NA,NA,NA,NA,NA,"47.1",1947-10-01
NA,NA,NA,NA,NA,NA,NA,NA,NA,NA,NA,NA,NA,NA,NA,NA,NA,NA,NA,NA,NA,NA,NA,NA,NA,"47.6",1948-01-01
NA,NA,NA,NA,NA,NA,NA,NA,NA,NA,NA,NA,NA,NA,NA,NA,NA,NA,NA,NA,NA,NA,NA,NA,NA,"47.9",1948-04-01
NA,NA,NA,NA,NA,NA,NA,NA,NA,NA,NA,NA,NA,NA,NA,NA,NA,NA,NA,NA,NA,NA,NA,NA,NA,"48",1948-07-01
NA,NA,NA,NA,NA,NA,NA,NA,NA,NA,NA,NA,NA,NA,NA,NA,NA,NA,NA,NA,NA,NA,NA,NA,NA,"48.6",1948-10-01
NA,NA,NA,NA,NA,NA,NA,NA,NA,NA,NA,NA,NA,NA,NA,NA,NA,NA,NA,NA,NA,NA,NA,NA,NA,"49.2",1949-01-01
NA,NA,NA,NA,NA,NA,NA,NA,NA,NA,NA,NA,NA,NA,NA,NA,NA,NA,NA,NA,NA,NA,NA,NA,NA,"50.2",1949-04-01
NA,NA,NA,NA,NA,NA,NA,NA,NA,NA,NA,NA,NA,NA,NA,NA,NA,NA,NA,NA,NA,NA,NA,NA,NA,"51.5",1949-07-01
NA,NA,NA,NA,NA,NA,NA,NA,NA,NA,NA,NA,NA,NA,NA,NA,NA,NA,NA,NA,NA,NA,NA,NA,NA,"52.9",1949-10-01
NA,NA,NA,NA,NA,NA,NA,NA,NA,NA,NA,NA,NA,NA,NA,NA,NA,NA,NA,NA,NA,NA,NA,NA,NA,"54.7",1950-01-01
NA,NA,NA,NA,NA,NA,NA,NA,NA,NA,NA,NA,NA,NA,NA,NA,NA,NA,NA,NA,NA,NA,NA,NA,NA,"55.8",1950-04-01
NA,NA,NA,NA,NA,NA,NA,NA,NA,NA,NA,NA,NA,NA,NA,NA,NA,NA,NA,NA,NA,NA,NA,NA,NA,"56.1",1950-07-01
NA,NA,NA,NA,NA,NA,NA,NA,NA,NA,NA,NA,NA,NA,NA,NA,NA,NA,NA,NA,NA,NA,NA,NA,NA,"55.7",1950-10-01
NA,NA,NA,NA,NA,NA,NA,NA,NA,NA,NA,NA,NA,NA,NA,NA,NA,NA,NA,NA,NA,NA,NA,NA,NA,"54.8",1951-01-01
NA,NA,NA,NA,NA,NA,NA,NA,NA,NA,NA,NA,NA,NA,"22.7",NA,NA,NA,NA,NA,NA,NA,NA,NA,NA,"54.1",1951-04-01
NA,NA,NA,NA,NA,NA,NA,NA,NA,NA,NA,NA,NA,NA,"21.1",NA,NA,NA,NA,NA,NA,NA,NA,NA,NA,"53.9",1951-07-01
NA,NA,NA,NA,NA,NA,NA,NA,NA,NA,NA,NA,NA,NA,"20.8",NA,NA,NA,NA,NA,NA,NA,NA,NA,NA,"54",1951-10-01
NA,NA,NA,NA,NA,NA,NA,NA,NA,NA,NA,NA,NA,NA,"20.9",NA,NA,NA,NA,NA,NA,NA,NA,NA,NA,"53.6",1952-01-01
NA,NA,NA,NA,NA,NA,NA,NA,NA,NA,NA,NA,NA,NA,"21.1",NA,NA,NA,NA,NA,NA,NA,NA,NA,NA,"54.8",1952-04-01
NA,NA,NA,NA,NA,NA,NA,NA,NA,NA,NA,NA,NA,NA,"20.8",NA,NA,NA,NA,NA,NA,NA,NA,NA,NA,"55.6",1952-07-01
NA,NA,NA,NA,NA,NA,NA,NA,NA,NA,NA,NA,NA,NA,"20.6",NA,NA,NA,NA,NA,NA,NA,NA,NA,NA,"56.7",1952-10-01
NA,NA,NA,NA,NA,NA,NA,NA,NA,NA,NA,NA,NA,NA,"20.8",NA,NA,NA,NA,NA,NA,NA,NA,NA,NA,"56.6",1953-01-01
NA,NA,NA,NA,NA,NA,NA,NA,NA,NA,NA,NA,NA,NA,"20.5",NA,NA,NA,NA,NA,NA,NA,NA,NA,NA,"57.1",1953-04-01
NA,NA,NA,NA,NA,NA,NA,NA,NA,NA,NA,NA,NA,NA,"19.2",NA,NA,NA,NA,NA,NA,NA,NA,NA,NA,"57.3",1953-07-01
NA,NA,NA,NA,NA,NA,NA,NA,NA,NA,NA,NA,NA,NA,"19.4",NA,NA,NA,NA,NA,NA,NA,NA,NA,NA,"58",1953-10-01
NA,NA,NA,NA,NA,NA,NA,NA,NA,NA,NA,NA,NA,NA,"20.2",NA,NA,NA,NA,NA,NA,NA,NA,NA,NA,"58.4",1954-01-01
NA,NA,NA,NA,NA,NA,NA,NA,NA,NA,NA,NA,NA,NA,"20.6",NA,NA,NA,NA,NA,NA,NA,NA,NA,NA,"59.9",1954-04-01
NA,NA,NA,NA,NA,NA,NA,NA,NA,NA,NA,NA,NA,NA,"20.9",NA,NA,NA,NA,NA,NA,NA,NA,NA,NA,"61.3",1954-07-01
NA,NA,NA,NA,NA,NA,NA,NA,NA,NA,NA,NA,NA,NA,"22",NA,NA,NA,NA,NA,NA,NA,NA,NA,NA,"62.5",1954-10-01
NA,NA,NA,NA,NA,NA,NA,NA,NA,NA,NA,NA,NA,NA,"23.2",NA,NA,NA,NA,NA,NA,NA,NA,NA,NA,"62.6",1955-01-01
NA,NA,NA,NA,NA,NA,NA,NA,NA,NA,NA,NA,NA,NA,"24",NA,NA,NA,NA,NA,NA,NA,NA,NA,NA,"63.8",1955-04-01
NA,NA,NA,NA,NA,NA,NA,NA,NA,NA,NA,NA,NA,NA,"23.8",NA,NA,NA,NA,NA,NA,NA,NA,NA,NA,"64.2",1955-07-01
NA,NA,NA,NA,NA,NA,NA,NA,NA,NA,NA,NA,NA,NA,"24.2",NA,NA,NA,NA,NA,NA,NA,NA,NA,NA,"65.2",1955-10-01
NA,NA,NA,NA,NA,NA,NA,NA,NA,NA,NA,NA,NA,NA,"24.5",NA,NA,NA,NA,NA,NA,NA,NA,NA,NA,"65.3",1956-01-01
NA,NA,NA,NA,NA,NA,NA,NA,NA,NA,NA,NA,NA,NA,"23.5",NA,NA,NA,NA,NA,NA,NA,NA,NA,NA,"66.5",1956-04-01
NA,NA,NA,NA,NA,NA,NA,NA,NA,NA,NA,NA,NA,NA,"21.9",NA,NA,NA,NA,NA,NA,NA,NA,NA,NA,"67.1",1956-07-01
NA,NA,NA,NA,NA,NA,NA,NA,NA,NA,NA,NA,NA,NA,"21.7",NA,NA,NA,NA,NA,NA,NA,NA,NA,NA,"67.9",1956-10-01
NA,NA,NA,NA,NA,NA,NA,NA,NA,NA,NA,NA,NA,NA,"22.6",NA,NA,NA,NA,NA,NA,NA,NA,NA,NA,"67.7",1957-01-01
NA,NA,NA,NA,NA,NA,NA,NA,NA,NA,NA,NA,NA,NA,"23.3",NA,NA,NA,NA,NA,NA,NA,NA,NA,NA,"68.7",1957-04-01
NA,NA,NA,NA,NA,NA,NA,NA,NA,NA,NA,NA,NA,NA,"22.8",NA,NA,NA,NA,NA,NA,NA,NA,NA,NA,"68.8",1957-07-01
NA,NA,NA,NA,NA,NA,NA,NA,NA,NA,NA,NA,NA,NA,"23.2",NA,NA,NA,NA,NA,NA,NA,NA,NA,NA,"69.5",1957-10-01
NA,NA,NA,NA,NA,NA,NA,NA,NA,NA,NA,NA,NA,NA,"24",NA,NA,NA,NA,NA,NA,NA,NA,NA,NA,"69.9",1958-01-01
NA,NA,NA,NA,NA,NA,NA,NA,NA,NA,NA,NA,NA,NA,"23.5",NA,NA,NA,NA,NA,NA,NA,NA,NA,NA,"71.1",1958-04-01
NA,NA,NA,NA,NA,NA,NA,NA,NA,NA,NA,NA,NA,NA,"22.6",NA,NA,NA,NA,NA,NA,NA,NA,NA,NA,"72",1958-07-01
NA,NA,NA,NA,NA,NA,NA,NA,NA,NA,NA,NA,NA,NA,"22.8",NA,NA,NA,NA,NA,NA,NA,NA,NA,NA,"73.3",1958-10-01
NA,NA,NA,NA,NA,NA,NA,NA,NA,NA,NA,NA,NA,NA,"23.8",NA,NA,NA,NA,NA,NA,NA,NA,NA,NA,"72.6",1959-01-01
NA,NA,NA,NA,NA,NA,NA,NA,NA,NA,NA,NA,NA,NA,"24.2",NA,NA,NA,NA,NA,NA,NA,NA,NA,NA,"73.2",1959-04-01
NA,NA,NA,NA,NA,NA,NA,NA,NA,NA,NA,NA,NA,NA,"23.9",NA,NA,NA,NA,NA,NA,NA,NA,NA,NA,"73.5",1959-07-01
NA,NA,NA,NA,NA,NA,NA,NA,NA,NA,NA,NA,NA,NA,"24.3",NA,NA,NA,NA,NA,NA,NA,NA,NA,NA,"74.6",1959-10-01
NA,NA,NA,NA,NA,NA,NA,NA,NA,NA,NA,NA,NA,NA,"25.1",NA,NA,NA,NA,NA,NA,NA,NA,NA,NA,"74.2",1960-01-01
NA,NA,NA,NA,NA,NA,NA,NA,NA,NA,NA,NA,NA,NA,"24.9",NA,NA,NA,NA,NA,NA,NA,NA,NA,NA,"75.7",1960-04-01
NA,NA,NA,NA,NA,NA,NA,NA,NA,NA,NA,NA,NA,NA,"23.8",NA,NA,NA,NA,NA,NA,NA,NA,NA,NA,"76.1",1960-07-01
NA,"30",NA,"113.9",NA,"60.9",NA,NA,NA,NA,NA,NA,NA,NA,"23.2","53.6",NA,NA,NA,NA,NA,"115.7","63.6",NA,NA,"77.5",1960-10-01
NA,"30.3",NA,"114.3",NA,"61.4",NA,NA,NA,NA,NA,NA,NA,NA,"23.5","55",NA,NA,NA,NA,"39.7","116.7","62.7","106.4",NA,"77.9",1961-01-01
NA,"31.1",NA,"114.2",NA,"62.4",NA,NA,NA,NA,NA,NA,NA,NA,"23.1","56.2",NA,NA,NA,NA,"39.3","117.1","61.6","105.3",NA,"79.2",1961-04-01
NA,"31.3",NA,"113",NA,"63.5",NA,NA,NA,NA,NA,NA,NA,NA,"22.4","57.2",NA,NA,NA,NA,"40.6","117.3","60.4","104.9",NA,"79.7",1961-07-01
NA,"31.5",NA,"115.4",NA,"64.4",NA,NA,NA,NA,NA,NA,NA,NA,"22.7","57.9",NA,NA,NA,NA,"42.5","117.4","59.3","103.6",NA,"80.5",1961-10-01
NA,"32",NA,"116",NA,"64.8",NA,NA,NA,NA,NA,NA,NA,NA,"23.8","59.3",NA,NA,NA,NA,"44.3","117.3","60.4","103.8",NA,"79.5",1962-01-01
NA,"32.3",NA,"115.3",NA,"65.6",NA,NA,NA,NA,NA,NA,NA,NA,"24","60.6",NA,NA,NA,NA,"44.8","117.3","61.6","104.2",NA,"80.1",1962-04-01
NA,"32.3",NA,"114.7",NA,"66",NA,NA,NA,NA,NA,NA,NA,NA,"23.3","61.8",NA,NA,NA,NA,"45.2","117.5","62.7","104.9",NA,"80.3",1962-07-01
NA,"32.5",NA,"115.3",NA,"67.1",NA,NA,NA,NA,NA,NA,NA,NA,"23.3","62.9",NA,"26.4",NA,NA,"46.4","117.6","63.7","105.9",NA,"81.6",1962-10-01
NA,"33.1",NA,"113.7",NA,"67.9",NA,NA,NA,NA,"55.4",NA,NA,NA,"23.4","64.3",NA,"27",NA,NA,"47.7","117.5","64.6","108.5",NA,"81.6",1963-01-01
NA,"33.6",NA,"114.2",NA,"69.3",NA,NA,NA,NA,"54.7",NA,NA,NA,"23.3","65.4",NA,"27.2",NA,NA,"48","117.4","65.3","110.1",NA,"83.1",1963-04-01
NA,"33.4",NA,"113.5",NA,"69.7",NA,NA,NA,NA,"53.9",NA,NA,NA,"22.5","66.2",NA,"26.4",NA,NA,"48.9","117.1","66","110.6",NA,"83.6",1963-07-01
NA,"33.6",NA,"114.1",NA,"70.8",NA,NA,NA,NA,"52.7",NA,NA,NA,"22.4","66.9",NA,"23.8",NA,NA,"49.8","116.6","66.7","110.1",NA,"84.8",1963-10-01
NA,"33.6",NA,"117.4",NA,"70",NA,NA,NA,NA,"60",NA,NA,NA,"22.2","66.1",NA,"23",NA,NA,"50.4","116.4","68.1","112.1",NA,"84.3",1964-01-01
NA,"34.3",NA,"116.8",NA,"71",NA,NA,NA,NA,"58.7",NA,NA,NA,"21.9","65.9",NA,"22.3",NA,"11","50.9","116","69.5","111.7",NA,"85.2",1964-04-01
NA,"34.8",NA,"114.9",NA,"71.7",NA,NA,NA,NA,"57.5",NA,NA,NA,"21.1","66",NA,"21.3",NA,"11.1","51.1","115.4","70.8","111.5",NA,"85.3",1964-07-01
NA,"35.7",NA,"115.6",NA,"72.4",NA,NA,NA,NA,"56.2",NA,NA,NA,"21","66.4","110.8","19.6",NA,"10.9","50.5","114.6","71.8","110.4",NA,"86.4",1964-10-01
NA,"36.6",NA,"115.2",NA,"72.5",NA,NA,NA,NA,"62.8",NA,NA,NA,"21.4","67.2","111.6","19.6",NA,"13.8","51.2","113.5","72.5","110.8",NA,"86.3",1965-01-01
NA,"37.5",NA,"115.5",NA,"73.4",NA,NA,NA,NA,"61.7",NA,NA,NA,"21.9","67.7","111.5","20.5",NA,"13.2","50.8","112.3","73","112",NA,"87.3",1965-04-01
NA,"37.6",NA,"115.8",NA,"73.6",NA,NA,NA,NA,"60.4",NA,NA,NA,"21.6","68","114","21",NA,"12.7","51.1","111.3","73.5","110.9",NA,"87.3",1965-07-01
NA,"38.9",NA,"117.1",NA,"74.2",NA,NA,NA,NA,"59.4",NA,NA,NA,"22.1","68","117.8","23.6",NA,"12.3","52","110.4","74","110.7",NA,"87.5",1965-10-01
NA,"39.4",NA,"116.4",NA,"74.4",NA,NA,NA,NA,"58.5",NA,NA,NA,"22.5","68.8","118.2","24",NA,"13.1","53.9","111","73.4","112.2",NA,"86.8",1966-01-01
NA,"40.2",NA,"116.8",NA,"75.3",NA,NA,NA,NA,"57.4",NA,NA,NA,"22.6","69.6","116.4","25.1",NA,"12.8","53.5","111.7","73.9","112.9",NA,"87.5",1966-04-01
NA,"40.7",NA,"117",NA,"75.2",NA,NA,NA,NA,"63.5",NA,NA,NA,"21.7","70.1","117.5","25.8",NA,"12.8","53.4","112.4","76","112.4",NA,"86.8",1966-07-01
NA,"41.4",NA,"117.7",NA,"75.5","108.5",NA,NA,NA,"62.4",NA,NA,NA,"21.7","70.8","118.4","26.2",NA,"12.9","53.6","112.9","77.6","112",NA,"86.9",1966-10-01
NA,"42",NA,"116.7",NA,"75.7","109.8",NA,NA,NA,"61.3",NA,NA,NA,"21.6","71.6","117.5","27.3",NA,"13.6","54.5","112.6","76","112.1",NA,"86.5",1967-01-01
NA,"42.4",NA,"117",NA,"77","110.5",NA,NA,NA,"60.4",NA,NA,NA,"21","72.1","117","30.4",NA,"13.7","55.3","112.3","75.8","113",NA,"87.5",1967-04-01
NA,"42.4",NA,"117",NA,"78.1","110.9",NA,NA,NA,"63.4",NA,NA,NA,"20.1","72.8","118","34.3",NA,"13.7","56.3","112","74.9","113.6",NA,"87.7",1967-07-01
NA,"42.4",NA,"119.4",NA,"79.4","111",NA,NA,NA,"62.8",NA,NA,NA,"20.3","73.3","119.2","36.2",NA,"13.8","57.9","111.8","73.8","114.7",NA,"89.9",1967-10-01
NA,"42.2",NA,"121",NA,"79.5","111.9",NA,NA,NA,"61.6",NA,NA,NA,"20.6","74","118.1","35.6",NA,"15.5","58.3","112.2","72","117",NA,"88.3",1968-01-01
NA,"42.8",NA,"123",NA,"80.4","112.6",NA,NA,NA,"64.2",NA,NA,NA,"21","74.8","116.7","36.4",NA,"15.9","58.8","112.8","74","118.5",NA,"88.9",1968-04-01
NA,"42.8",NA,"123.1",NA,"80.4","113.1",NA,NA,NA,"62.6",NA,NA,NA,"20.7","75.3","116.7","40.8",NA,"16","60.1","113.4","74.4","119.8",NA,"88.5",1968-07-01
NA,"43.8",NA,"125.3",NA,"82.3","113.3",NA,NA,NA,"60.7",NA,NA,NA,"21","75.7","116.9","44.4",NA,"16.1","61.7","113.9","77.2","121.1",NA,"89.2",1968-10-01
NA,"44.2",NA,"126.9",NA,"82.3","114.3",NA,NA,NA,"59.5",NA,NA,NA,"21.8","76.2","116.4","48.5",NA,"16.6","61.7","115.7","76.5","122.8",NA,"88.2",1969-01-01
NA,"45.6",NA,"129.9",NA,"82.4","115.1",NA,NA,NA,"61.7",NA,NA,NA,"22.2","76.5","116","53.1",NA,"16","62.7","117.2","79.2","124.9",NA,"89.3",1969-04-01
NA,"46",NA,"131.5",NA,"82.4","115.8",NA,NA,NA,"60.5",NA,NA,NA,"21.3","76.8","116.5","55.3",NA,"16","63.1","118.2","80.5","123.1",NA,"89",1969-07-01
NA,"46.8",NA,"130.4",NA,"84.7","116.6",NA,NA,"95.9","59.4",NA,NA,NA,"21.6","77.8","118.8","54",NA,"18.2","64.2","118.6","85.6","118.9",NA,"89.8",1969-10-01
NA,"47",NA,"129.5",NA,"83.8","116.9","67",NA,"94.5","58",NA,NA,NA,"22.2","78.2","116.4","51.4",NA,"19.4","65.6","117.6","84.2","118.7",NA,"89",1970-01-01
NA,"47.7",NA,"129.5",NA,"83.5","117.5","67.3",NA,"94.1","59.4",NA,NA,NA,"23.1","78.4","115.6","52.1",NA,"19.7","66","116.2","86.4","116.8",NA,"90",1970-04-01
NA,"47.6",NA,"128.3",NA,"82.8","118.1","67.5",NA,"93.8","57.6",NA,NA,NA,"23.1","78.2","116.1","53.7",NA,"20.3","65.5","114.7","88.1","113.5",NA,"90.4",1970-07-01
NA,"48.7","77.7","129.5",NA,"83.7","118.7","69.7","89.3","99.1","58.6","35.4",NA,NA,"23.9","77.6","118.8","55.1",NA,"20.7","66.2","113.4","86.6","111.9","37","91.2",1970-10-01
NA,"48.6","77.3","128",NA,"82.3","118.8","69.9","85.4","98.7","56.9","36.3",NA,NA,"25","78.2","120","56",NA,"21.7","65.3","113.2","85.5","110.6","37.7","90.7",1971-01-01
NA,"50.2","78.1","127.5",NA,"82.8","118.7","70.5","82.6","99.7","55.3","37.4",NA,"79.9","24.5","79.4","122.3","56.2",NA,"21.7","65.2","113.3","87.5","111.4","37.7","91.6",1971-04-01
NA,"50.3","77.7","124.7",NA,"83.6","118.5","70.2","81.3","99.9","56.2","38.4",NA,"80","24.4","80.7","126.2","58.3",NA,"22.5","65.7","113.4","89.5","110.5","38.6","91.9",1971-07-01
NA,"52.3","78.7","124.8",NA,"85.5","118","71.7","81.1","103.2","57.2","39.4",NA,"79","25.5","81.9","131.9","58.5",NA,"22.3","66.9","113.6","95.6","111.1","39.2","92.3",1971-10-01
NA,"52.4","77.7","122.5",NA,"85.3","119.4","71.1","80.9","103.5","60.6","39.2",NA,"76.3","25.9","82.8","132.7","59.1",NA,"22.9","66.7","114.2","98.3","112.2","38.9","92.2",1972-01-01
NA,"53.5","78.6","122.6",NA,"86.7","120.4","72.2","81.5","106.2","61.3","39.3",NA,"73.4","26.4","83.8","133.3","59.6",NA,"22.7","68.5","114.8","100.5","113.5","38","93.4",1972-04-01
NA,"54","78.6","121.4",NA,"86.9","121.1","72.9","82.3","106.6","64.8","39.4",NA,"75.6","25.4","84.9","136.4","60.3",NA,"23.9","69","115.1","102.3","113.5","39.4","93.5",1972-07-01
NA,"55.4","80.6","122.3",NA,"89","121.4","74.9","83","109.8","65.1","39.2",NA,"73.4","26.3","85.8","140.8","58",NA,"24","69.8","115.3","105.5","112.3","40","94.3",1972-10-01
NA,"54.2","80.7","119.4",NA,"89.2","123.2","75.1","83.2","108.3","64.3","39.3",NA,"75","27.5","86.8","140.4","58.1",NA,"25.3","71.3","115.4","108.3","112.7","41.1","94.3",1973-01-01
NA,"54.2","81.5","118",NA,"89.5","124.8","76.5","83.9","109.9","66.4","39.4",NA,"72","26.9","86.3","139.2","59",NA,"25.7","73.1","115.3","106.6","112.9","41.4","95.2",1973-04-01
NA,"53.7","82","117.9",NA,"89.5","126.3","77.4","84","109.6","66","39.5",NA,"74.1","25.6","84.7","139.1","59.1",NA,"26.8","76.4","114.9","108","112.8","42.8","95.7",1973-07-01
NA,"54.2","82.3","119.1",NA,"90.1","127.8","78.6","83","110.8","64","39.8",NA,"75.7","27","83.1","139.3","59.3",NA,"29.2","78.1","114.2","115","112.7","44.5","95.7",1973-10-01
NA,"53.5","81.7","117.8",NA,"89.8","128.8","77.2","82.3","108.3","65.1","40.7",NA,"78","27","81.8","137.5","58.9",NA,"29.4","78.8","113.6","112.7","113.8","43.8","95.6",1974-01-01
NA,"53.4","80.8","116.5",NA,"90.3","129.8","77.3","80.7","107.3","65","42",NA,"79.1","26.9","80.5","135","59.4",NA,"29.9","80.6","112.8","109.6","115.3","44","97.2",1974-04-01
NA,"53.2","79.8","116.1",NA,"90.3","131","78.1","80.4","106.3","64.2","43.4",NA,"81.2","25.7","79.1","132.7","61.6",NA,"29.9","82","111.9","108.9","113.5","45.9","97.6",1974-07-01
NA,"54.5","79.3","112.9",NA,"90.9","132.1","80.1","79.9","108.7","61.4","44.6",NA,"84.4","26.1","77.9","133.1","61.4",NA,"28.1","83","111","112.5","111.3","46","97.8",1974-10-01
NA,"54.7","78.5","114.3",NA,"90.2","132.9","80.6","80.5","107","59.6","44.8",NA,"83.3","27.6","77.7","132","57.5",NA,"28.9","82.9","114.3","111.3","109.7","45.4","96.4",1975-01-01
NA,"56.3","79.4","117.3",NA,"90.8","133.6","81.5","80.5","106.3","59.4","45.1",NA,"80.1","27.7","78","132.1","56.2",NA,"28.7","83.2","116","112.7","108.8","46.6","96.3",1975-04-01
NA,"56.7","79.8","118.9",NA,"91","133.9","81.8","81.2","105.9","56.6","45.3",NA,"80.1","28","78.6","134.1","55.8",NA,"29.4","83.6","116","112.4","105.9","48.5","95.7",1975-07-01
NA,"58.1","82.5","124.9",NA,"92.9","133.6","83.4","82.4","109.5","58","45.5",NA,"79.3","29.8","78.8","137.4","54.5",NA,"31.4","84.5","118","114.6","105.2","50.5","95.4",1975-10-01
NA,"58.2","82.8","125",NA,"91.6","132.6","82.8","82.9","108.1","57.8","46.4","26.2","75.9","31.9","78.3","137.1","53.8",NA,"33","84.7","119.5","111.4","104.6","51.8","93.8",1976-01-01
NA,"59.5","83.2","127.2",NA,"91.9","131.2","84.1","83.7","107.2","57.3","47.4","26.4","74.4","32.3","74.4","136.5","51.7",NA,"33.8","87.3","121.3","110","106.8","50.4","93.8",1976-04-01
NA,"60.6","83.1","127.4",NA,"91.7","129.9","84.1","83.2","106.3","57.5","48.5","26.3","73.7","33","72.9","136.8","52.3",NA,"34.7","88.5","122.3","108","106.7","50.4","93.8",1976-07-01
NA,"64","84.2","132.3",NA,"92.8","128.9","85","83.9","107.6","58.4","49.4","26.1","74.1","35.6","71.8","138.5","51.5",NA,"34.3","89.4","123.3","116.2","103.3","51.2","94.4",1976-10-01
NA,"63.1","84","131.1",NA,"91.7","129.2","83.9","83.3","105.9","56.4","50","25.7","71.2","35.4","70.3","137.1","51.1",NA,"34.7","90.7","125.7","112.2","103.4","54.3","94.5",1977-01-01
NA,"64.7","85.8","133.4",NA,"92.6","129.3","82.8","84","105.7","56.5","50.7","25.2","69.4","34.6","68.5","135.7","51.6",NA,"34.5","93.2","127.9","107.7","105.6","54.3","95.7",1977-04-01
NA,"65.2","86.5","134",NA,"92.9","128.7","80.8","85.7","105.9","56","51.4","24.6","68.5","34.3","67.7","136.1","53",NA,"35.1","95","129.3","107.6","105.5","55.8","96",1977-07-01
NA,"66.5","89.1","140.3",NA,"94.4","128.3","80.3","88.8","107.9","56.1","52","23.8","69.4","35.6","68.3","137","52.2",NA,"35","99.3","132.3","112.5","105.6","56.8","96.9",1977-10-01
NA,"66.7","88.5","137.8",NA,"92.8","127.7","78.1","87.6","110.2","56","52.9","23.7","67.9","35.4","64.2","135.6","54.1",NA,"36","101.9","133.2","109.6","105.8","59.5","96.9",1978-01-01
NA,"68.3","91.1","139.7",NA,"93.7","127","77.1","87.5","109","56.5","54.3","24.1","66.5","36.2","61.3","134","55.9",NA,"36.2","105.5","133.9","111.2","106.2","58.9","98",1978-04-01
NA,"69.9","92","140.1",NA,"93.7","126.7","75.5","87.9","106.7","55.7","55.6","24.2","69.9","36.2","60.9","134.1","55.9",NA,"37.3","108","133.9","110.1","105.1","59.7","98.3",1978-07-01
NA,"72.4","93.7","146.1",NA,"95.5","126.6","75.2","89","107.4","55.5","56.7","26.9","74.9","39.4","62.3","136","56.4",NA,"39","112.2","133.8","110.8","105.4","61.7","98.3",1978-10-01
NA,"72.3","93.9","144.1",NA,"95.1","126.2","74.9","87","105.9","56.2","57.1","26.1","74.4","39.3","60.3","134.6","56.9",NA,"40.5","114.9","133.5","108","105.5","65","97.6",1979-01-01
NA,"74","96.8","146.2",NA,"96.1","126.1","74.5","85.9","106.3","56.8","57.7","24.9","76","40.4","58.5","134","57.4",NA,"42.2","117.2","132.8","108.3","106.5","64.5","99",1979-04-01
NA,"74.8","98.6","145.8",NA,"95.9","126.3","74.2","85.8","105.4","56.3","58.2","24.1","73.7","41","57.5","135.7","60.5",NA,"41.8","118.6","130.8","106.6","105.9","64.2","99.9",1979-07-01
NA,"77.3","99.5","149.3",NA,"97.4","125.9","74.9","87.4","106.9","55.7","58.8","21.9","75.5","42.5","59.2","138.5","62.6",NA,"42.7","122.3","129.9","108","105","63.8","100.5",1979-10-01
NA,"77.3","88.8","149.5",NA,"96.1","124.9","74.7","87.4","105.3","56.9","58.9","20","74.4","42.6","57","139","69.4",NA,"46.1","122.3","126.7","108.1","104.6","61.5","100.6",1980-01-01
NA,"78.9","89.2","151.1",NA,"97.4","124.7","74.9","88.2","106.8","57.2","59.3","19.5","73.9","41.2","57.1","139","71.7",NA,"48.8","123.5","124.8","106.8","104.5","57.7","100.2",1980-04-01
NA,"80.2","87.8","150.9",NA,"97.9","125.3","75.3","88","106.5","56.9","59.8","19.3","76.1","39.9","54.7","139.1","75",NA,"48.6","124.3","125.2","106.1","102.9","55.6","100.7",1980-07-01
NA,"81.2","88.4","154.7",NA,"101.2","126","76.7","87.3","108","56.8","60.1","19.3","79.6","41.7","58.2","140.1","77.6","34.4","50.5","126.6","124.5","110.7","100.6","58.1","101.3",1980-10-01
NA,"81.9","88.4","154.1",NA,"102.1","127","76.9","87","108.3","56.6","60.2","19.2","78.6","42.4","57.7","139.4","78.2","33.7","52.1","126.7","125.8","113.4","100.9","61.4","99.9",1981-01-01
NA,"83.3","88.4","157",NA,"103.5","128.3","78.1","87.5","108","56.6","60.2","19.9","80.3","41.8","57","138.3","80","34.2","53.7","128","123.7","117.8","101.3","61.4","100.1",1981-04-01
NA,"83.6","87.8","155.7",NA,"104","126.4","79","88.6","107.7","58.2","60.3","21.2","81.2","41.2","56","140.1","80.9","34.4","55","127.6","122.2","118.9","101.9","59.9","99.4",1981-07-01
NA,"84.9","91.2","152.6",NA,"105.2","124.6","81.5","89.3","108.5","60.8","60.1","22.3","82","43.1","57.9","143.5","83.4","35.9","57.2","128.2","122.2","121.1","102.5","59.3","99.3",1981-10-01
NA,"84.3","90.2","146.9",NA,"104.2","123.1","80.9","90.8","107.2","61.2","60.2","23.2","81.5","43.3","55.1","143.9","84.5","38.5","57.9","128.3","123.7","122.7","103.4","62.9","99.6",1982-01-01
NA,"84.4","88.9","146.5",NA,"105.2","121.8","81.4","92.1","106.9","63.3","60.5","27.6","79.9","42.8","53.8","143.8","84.3","35.9","59.1","127.1","126.7","125.8","104.3","62.5","100.5",1982-04-01
NA,"83.9","86.4","150.5",NA,"106.2","119.3","81.5","93.6","106.4","64.1","60.8","26.8","82.6","42.7","53.5","146.2","87.3","34.1","59","127.9","128.6","126.5","105","61.8","101.1",1982-07-01
NA,"84","89.7","152.8",NA,"108.1","117.1","82.6","93.4","108.6","65.7","61.3","26.9","77.3","46.2","55.6","149.2","93.5","30.2","62.1","127.6","130.2","129.1","105.4","63.6","101.8",1982-10-01
NA,"82","88.5","152.5","75.9","106.6","115.7","82.2","94.5","108.4","66.6","62.7","26.5","76.3","45.7","54","151.2","94.8","27.1","65","129.6","131.1","129.1","105.3","67","101.6",1983-01-01
NA,"82.1","87.5","155.1","73.4","107.7","116.1","82.1","94.7","109.1","67.6","63.3","25.2","76.5","44.7","52.7","151","96.2","26.3","65.2","128.8","131.7","132","105.1","69.2","102.4",1983-04-01
NA,"81.7","86.9","155.9","69.7","108.1","115.8","81","95.5","108.7","68","63.7","25.1","76.2","44.1","51.5","152.9","94.7","23.7","67.2","128.5","131","130.8","104.8","72.4","102.8",1983-07-01
NA,"82.2","87.6","158","70.7","109.1","117.2","82","94.4","110.7","68.6","63.1","24.9","79.1","46.2","53.9","155.7","95.7","24.1","70","129.6","132","138","104.3","77.9","103.4",1983-10-01
NA,"79.9","85.6","155.8","70","107.6","117.9","79.4","94","110.2","70.7","64.8","25.1","79.8","46.6","53.6","156.6","96.2","22.6","70.7","130.2","133.9","134.1","104.4","80.4","103.1",1984-01-01
NA,"81","84.9","157.7","68.7","108.5","120.5","79.6","93.9","111.3","72.5","64","25.4","79.4","46.8","54.1","155.4","97.5","24.1","72.5","129.6","136.3","135.6","104.4","80.2","104.3",1984-04-01
NA,"81.8","83.3","157","74.9","108.7","119.7","77.1","94.8","111.6","73.5","63.8","26.2","78","46.1","55","158","98.1","24.4","74.4","128.9","136.8","137.2","104.6","81.5","104.8",1984-07-01
"31.3","84.7","84.1","157.5","82.4","109.8","120.9","79","95.4","113.4","76.1","63.3","26.5","77.9","48.7","57.8","159.4","99.6","27","74.6","130.2","139.5","137","104.9","84.5","106.5",1984-10-01
"27.2","83.6","82.6","158.2","84.2","109.7","121.7","76.1","96.1","111.8","77.7","64","26.7","78.6","48.9","57","160.4","102.3","27.2","76.2","130.4","140","132.9","105.2","87.3","107.4",1985-01-01
"42.7","84.4","82.6","157","75.8","109.6","125","76.3","95.9","111.5","76.7","65.3","27.2","78","47.6","55.8","159","105.5","26.9","77.7","130","140.8","129.5","105.7","86.5","109.1",1985-04-01
"37.2","84.7","80.8","156.4","75.2","108.8","125.2","74.6","97","110.3","78.2","64.8","28.4","73.8","47.6","54.4","160.3","108.1","30.9","81.6","129.5","141.6","124.3","106.3","85.4","110.3",1985-07-01
"33.9","86","80.9","158.6","70.6","110.1","131.3","75.3","99.5","111.4","77.4","64.4","29.4","77.4","48.7","57.8","162","106.6","31.6","86.6","129.8","143.2","118.4","106.7","86.9","113",1985-10-01
"28.2","83.9","80.2","158.2","67.8","108.8","131.8","71.8","100.2","111","79.9","65.3","29.8","76","51","54.1","162.3","105.2","30.8","89.7","131","144.3","110.9","109.2","87.3","113.1",1986-01-01
"28","84.5","80.6","160.6","62.7","108.6","135.9","71.5","102.5","111","81.2","66.4","31.4","74.2","49.5","54.2","161.8","106.6","34.6","91.3","132.1","153.8","106.3","111.5","87","114.8",1986-04-01
"28.7","84.9","79.3","161.8","59.3","107.8","139.8","69.7","102.7","109.9","81.8","67.1","37.4","76.1","48.7","53.8","164.5","105.1","35.1","95.4","132.1","157.5","102.8","113.8","86.9","116.7",1986-07-01
"31.8","87.6","79.9","163.4","58.4","107.7","147.7","70.6","102.4","108.8","84.7","66.9","37.2","76.3","49.7","57.8","168.3","104.6","35.1","96.2","136.3","161.2","99.8","115.9","86.4","119.2",1986-10-01
"28.5","86","80.5","164.8","57.2","106.6","149.5","68.6","102","111.1","86.5","67.5","38","75.8","52.2","56.6","170.2","103.1","33.2","95.2","138.7","163.6","97.6","118.4","88.8","119.2",1987-01-01
"27.8","87","82.9","168.4","56.4","106.4","151.2","68.9","103.2","112","87.3","67.5","37.8","77.9","49.9","57.2","176.3","102.4","32.6","94.3","142.6","165.1","94.9","120.8","87.3","120.8",1987-04-01
"31.1","87.8","81.2","169.3","54.7","107.3","152.2","67.6","106","112","88.7","67.3","36.7","79","49.5","55","180.3","101.9","30.7","92.9","140.4","168","93.7","123.2","86.8","121.7",1987-07-01
"39.1","90.2","81.9","170.6","54.8","107.8","157.5","69.2","108","113.4","88.6","67.6","37","78.2","49.9","58.9","183.7","100.2","33.7","92","142.8","169","91.3","125.3","91.1","122.2",1987-10-01
"26.4","89.4","82.7","174.2","52.7","106.5","154.7","67.7","107.6","114.6","90.9","66.5","38.4","77.7","52.4","56.8","183.1","96.6","25.5","91.8","144.7","169.9","89.9","128.7","92","122.4",1988-01-01
"26.9","91.6","84.2","177.7","52","106.9","157","68.3","108","116","94.6","65.7","39.1","78.5","50","58.4","183.5","98.4","21.3","92.1","148.3","173.6","87.6","131.7","92.6","123.4",1988-04-01
"30.5","92.1","85.2","179.9","52.2","106.6","156.2","68.8","108","117.5","97.3","65.3","40.2","77.4","49.4","57.4","186.3","96.9","19.1","89.8","148.6","174.8","86.7","134.6","93.2","123.7",1988-07-01
"33.3","94.4","86","182","52.8","107.3","158.4","72","114.2","119.6","98.3","64.9","41.8","75.4","52.2","61.4","190","95.4","20.1","90.1","153.7","175.6","86.5","137","96.1","124.4",1988-10-01
"7.5","91.9","86.2","186.6","54.8","106.2","155.6","71.5","115","119.2","101.6","66.2","41.7","71.8","52.3","60.4","191.2","98.4","19.2","91.9","156.3","178.3","82.4","140.3","98.1","123.9",1989-01-01
"19.7","93.6","89","190.8","53.2","106.6","156.7","74.2","116","121.2","104.1","66","43.2","71.9","52.2","62.2","192.6","103.9","20.6","91.8","158.6","179","81.5","143.3","100.1","124.5",1989-04-01
"36","95.6","89.5","190.9","56.9","106.6","154.9","73.6","117","121.4","106.4","66.8","45.2","71.8","51.4","60.6","197.2","107.1","21.8","93.6","157.2","177.5","80.9","146.2","101.2","124.2",1989-07-01
"732.6","97.5","91.9","192.6","60.7","107.8","158.3","75","115.5","123.3","107.3","61.3","46.7","70.9","52.7","65.1","201","108.1","25.3","96","157.3","175.2","82.3","148.7","105.5","124.7",1989-10-01
"35","96.9","90.3","193.3","60.9","107.7","156.1","74.7","117.5","124.4","113","59.7","48.5","70.6","53.6","62.7","205.9","108.4","22.3","95.4","159.6","176.6","81","150.5","109.3","125",1990-01-01
"26.4","98.9","92.1","194.6","58.6","106.2","155","75.8","122.2","125.3","114.5","59.1","53.8","71.3","52.6","63.6","204.3","110.1","24.3","97.2","162.3","177.7","82","152.3","113.9","125",1990-04-01
"22.7","99.4","92.5","193.8","57.3","105.8","153.1","76","126.8","125.9","114.3","59.4","56.8","75.5","51.1","61.7","206","110.4","24.3","100.2","163.7","174.5","78.3","154.1","120.2","124.7",1990-07-01
"18.8","101.2","93.1","192.7","62.1","106.3","155.6","75.6","128.9","128.8","115.3","60","59.3","76.7","51.8","68","207.6","115.8","26.4","104.7","164.7","171.1","77.1","155.9","124.2","124.6",1990-10-01
"23","100.2","94.6","192.1","59.1","105","152","76.2","130.7","129.4","116.5","57.9","58.5","79.4","51.8","64.7","205.6","119.6","26.5","105.8","166.9","169.1","78.8","152.8","126.5","123.9",1991-01-01
"21.3","102","95.8","193.4","56.8","105.2","153.4","77.1","133.6","129.9","118.8","55.7","58.4","81.4","50.1","67","204.5","119.8","28.2","106.8","165.5","168.8","81.7","150.2","128.6","124.2",1991-04-01
"18.3","101.5","95.7","192.3","56.3","106.6","150.3","76.9","138.8","130.6","118.6","55","56.6","82.5","48.5","66.2","204.6","121.9","29.4","109.6","165.2","163.7","81.8","148.1","132.6","123.2",1991-07-01
"17.7","103","96.4","191.6","56.8","107.3","152.3","77.5","141.8","131.9","115.8","55.7","58.8","82.7","48.5","70.4","206.3","121.9","33.3","109.1","167.4","159","82.3","146.8","135.7","122.6",1991-10-01
"17.7","101.4","95.7","191.5","54.9","107.3","151","75.4","147.4","132.1","116.4","52.9","58.3","82","49.2","69.5","204.9","122.6","34.3","110.8","168.9","164.8","79.6","147.7","137.2","121.5",1992-01-01
"18.9","102.8","97.1","191.8","55.8","107.9","150.1","76","153.4","132.9","115.4","53","58.8","82.4","49.9","70.9","204.8","122.9","36.3","108.9","170.1","162.5","80.3","149.3","139.7","120.5",1992-04-01
"19.2","103.6","96.7","191.7","57.2","108.2","147.7","76.4","159.6","132.2","115.4","51.9","59.6","82.1","49.9","70.9","205.4","124.5","37.9","109.8","172.3","160.3","81.9","151.3","142.1","119.7",1992-07-01
"19.8","104.9","106.5","191.8","60","107.9","145.7","77.9","163.6","134.2","117.8","48.4","58.4","86.7","50.8","74.5","208.6","126.1","39.7","109","173.8","164.4","85.7","153.4","145.1","118.7",1992-10-01
"22","104.2","107.8","192.9","61.2","109.7","144.4","77.3","159.8","136.4","116.8","48.3","55.7","89.1","51.9","73.9","208.5","127.5","40.6","107","176","163","85.4","154.6","148.2","117.7",1993-01-01
"21.7","105","109.1","193","62.5","111.3","144.8","78.3","156.2","136.4","117","47.4","56.4","87.1","50.5","74.1","209.2","129.2","42.3","106.1","175","162.6","89","155.2","151.8","117.8",1993-04-01
"21.7","104.6","109.3","191","64.2","113","145.5","78","152.1","136","117.4","46.7","56.1","85.4","48.2","72.7","211.3","132.4","43.7","104.1","174.2","157.7","89.8","154.7","152.9","118",1993-07-01
"23.2","105.4","110.2","187.2","67.3","115.7","147.1","78.6","145.4","134.5","118.9","46.6","55.2","89","48.2","74.9","213.6","130.8","45.2","108.2","176.6","156.2","94.5","153.8","156.5","118.4",1993-10-01
"23.1","103.6","109.9","187","66.3","113.5","147.2","76.6","145.2","134.5","117.4","46.2","56.7","86.8","48","71.6","212.6","131.6","46.4","107.4","179.7","154.2","93.6","151.3","159.3","118.2",1994-01-01
"24.3","104.6","110.7","187.3","65.1","114.2","144.7","76.3","143.1","133.4","114.2","47.7","57.3","86.1","46.2","71.3","211.3","133.2","47.8","106.2","180.8","151.5","93.3","148.7","164.8","118.3",1994-04-01
"24.7","104.1","111.1","187.3","65.7","115.3","140.8","75.1","140","132.3","113.7","48.7","58.2","85","47.1","69.2","212.6","136.1","48.4","110.8","180.8","150.1","93","146.6","171.9","118.2",1994-07-01
"25","105","110.8","187","66.2","116.4","138","74.8","136.8","133.4","113.6","48.9","59.5","87.1","47.3","71.5","214.2","135.1","49.5","111.6","181.8","146.6","96.3","144","180.7","118.8",1994-10-01
"24.1","102.7","109.8","187.5","66.8","112.8","137.4","81.8","132.3","132.6","113.3","47.7","59.3","86.8","50.2","70.3","213.3","135.6","50.8","113.8","181.6","145","93.6","140.6","182.8","118.6",1995-01-01
"24.8","103.5","109.1","188","64.7","114","137.7","81.5","127.7","133","113.3","47.3","59.6","87.2","48.4","70.8","211.2","136.5","51.1","116.2","183.1","144.5","93.2","137.2","188.3","119.5",1995-04-01
"24.3","103.8","107.1","187.4","67","114.3","137.2","80.3","123.9","132.4","113.3","47.2","61","86.4","49.2","69.3","211.7","136.6","50.6","121.2","181.1","143","92.9","134.1","192.8","120.1",1995-07-01
"25.5","106.5","106.4","189.4","71","115.3","138.7","79.8","118.4","130.8","115.9","45","62.1","88.7","49.2","69.9","212.5","136.4","49.5","128.2","180.4","142","93.4","131.5","199.9","120.8",1995-10-01
"25.4","103.4","106.8","191.7","72.6","116.1","140.8","78.6","117","130","114.6","43.8","62.4","87.7","51.2","68.4","210.8","137.8","46.7","130.7","183.3","142.3","98","130.5","204.7","121.1",1996-01-01
"25.8","106.3","108.6","192.2","72.8","117.5","140.9","79.3","116.8","129.8","116","43.8","65","87.9","49.3","68.3","208.8","140.4","44.5","134.5","185.1","142.4","99.4","128.4","207.9","121.6",1996-04-01
"25.9","108.2","109.6","191.5","75","118.6","141.1","78.5","115.9","128.8","115.2","44.6","66.1","88","48.3","67.2","207.7","144.8","42.5","139.2","186.1","140.8","100.1","128.2","207.4","121.8",1996-07-01
"26.5","108.7","110.4","192.5","78.9","120.2","141.1","79.5","115.2","129.7","114.8","48.1","67.1","87.9","48","68.2","208.5","145.5","40.7","146.7","187.9","139.7","102.3","130.2","210.9","121.6",1996-10-01
"26.9","107.8","113.1","194.2","80.3","120.6","141.8","79.8","116.7","130.4","107.9","47.2","67.6","89","49.7","67.2","205","150.7","40.1","153.8","194.3","142.4","104.6","140","213","121.3",1997-01-01
"27.9","111.5","115.2","194.3","80.1","121.6","143.1","81","117.4","130.6","109.7","48.3","69.9","94.3","47.9","67.7","203.9","151.6","38.7","160.4","198","147","104.3","139.6","213.7","121.8",1997-04-01
"28.5","113.3","116.6","192.4","82.1","122.1","144.7","81.8","117.9","130","111.9","48.5","78.3","95.6","47.3","66.6","203.3","153.2","36.1","166.5","200.4","147.8","104.1","139.2","227","122.5",1997-07-01
"29.6","113.6","117.6","191.4","86.1","123.2","145.4","82.7","116.6","129.8","112.1","49.7","83.5","97.1","48.7","67.8","206.2","160.3","34.6","167.2","192.8","150.5","106.1","136.5","242.4","122.9",1997-10-01
"29.9","110.8","117.3","190.6","88.4","123.2","145.5","83.5","113.9","129.6","114","49.3","105","101.5","51.6","67.1","203.2","158.8","34.2","164.2","197.9","154.6","112","139","224.8","123.6",1998-01-01
"30.4","112.3","120.6","190.5","91.3","123.8","146.6","86.1","111.8","129.2","115.7","50.5","137.8","102.7","50.2","67.5","202.8","158.5","34.2","162.7","198.8","160.9","113.3","138.7","228","125.5",1998-04-01
"31.2","112.8","122.1","188.2","91.7","125.1","146.7","86.4","109.9","128.6","119.4","51","98.2","103.3","49.9","66.6","203.8","162.5","34","161.9","202.1","162.3","114.8","141.3","224.7","126.5",1998-07-01
"32","114.3","123.7","187.6","93","127.6","145","88.7","108.7","127.9","120","49.3","74.6","106.1","49.3","68.3","199.3","159.2","32","165.8","203.3","165.2","118.9","141.2","220.4","127.7",1998-10-01
"32.1","113.5","128.7","192.2","96.2","125.3","150.5","92.5","111.7","128.1","122.1","50.5","59.4","110.4","52.2","68.5","195.9","164.9","31","162.3","208.1","167.7","120.1","143.9","217.8","128.7",1999-01-01
"32.5","114.6","131","195.3","101.4","127.5","152.1","99.3","114.6","130.6","124.8","51.9","38.5","118","49.9","71.9","193.9","156.9","30.2","158.9","209.8","169.1","125.6","143.5","209.8","129.7",1999-04-01
"32.1","118.2","134.3","197.1","103.6","128.7","151.2","100.6","113.8","131.7","125.8","52.6","42.4","121.6","50.3","72.6","193.5","153.2","27.9","158.1","212.9","165.9","128.3","143.3","198.3","131.4",1999-07-01
"32.1","121","136.3","195.6","102.6","131.8","153.1","103.7","112.3","133.4","128.2","53.5","34.5","128.1","52.8","75.6","196.3","144.6","27","151","214.9","164.4","131.2","146.8","187.2","132.3",1999-10-01
"30.9","120.5","138.7","197","101","133.4","159.1","107.8","114.1","133.3","130.1","54.6","32.7","133","53.6","75.1","193.6","144.4","26.3","143.7","215.1","161.8","136.7","145.5","183.6","133.4",2000-01-01
"30.3","123.4","140.9","190.8","103.1","135.4","156.4","111.7","115.5","134.9","133.5","57.1","33.7","128.1","54.7","75.8","189.7","141.1","26.6","140.7","216.3","160.1","138.6","145.9","174.4","134.3",2000-04-01
"30.1","129.1","143.3","188.8","104.2","135.1","161.3","115.7","121.3","137","135.1","58.8","32.1","130.2","54.6","76.4","189.1","141","25.7","136.8","218.2","163","140.8","149.2","161.1","134.9",2000-07-01
"29.4","127.8","146.2","187.2","107","140.6","160.1","117.9","121.7","137.8","135.6","60.5","31.8","128.8","56.4","79.3","187.5","138.3","25.1","134.7","220.4","156.5","142.8","153.6","155.9","135.4",2000-10-01
"28.3","126.9","147.1","188.6","109","141.3","160.5","118.5","121.5","139.3","139.2","61.9","32.1","128.3","57.3","79.8","184.9","139.2","24.7","133.4","216.6","156.7","146.8","152.6","154.4","134.9",2001-01-01
"29.3","126.7","149.2","188.3","110.5","141.7","162.6","121.6","121.9","141.2","140.1","60.5","32.3","129.7","56.8","80.8","182.3","138.8","23.6","135.1","216.7","159.5","149.5","154.8","144.5","137",2001-04-01
"28.2","127.7","150","185.3","115.4","142.3","165.4","124.9","120.2","141.9","141.7","61.9","28.5","128.3","57","80.9","182.1","140.8","23.7","139","216","158.6","152","156.2","143.9","139.1",2001-07-01
"39.4","129.4","152.2","183.1","110.2","141.8","169.9","126.8","117.4","142.8","144.2","62.2","28","134.7","57.9","82.8","182.8","139.5","23.8","141.6","217.9","164","154.4","161.1","139.1","140",2001-10-01
"75.2","128.6","151.1","183.1","109.6","141.5","168.6","128.9","124.4","143.2","146.1","60.5","26.1","135.3","59.6","82.9","182.1","142.3","23.2","142.8","217.4","169.4","154.7","159.8","146.1","140.6",2002-01-01
"84.5","128.9","150.7","184","111.7","143.4","168.1","130.3","123","143.1","148.7","62.5","25","137.3","62.8","83.9","180.8","144.5","24.1","142.6","215.9","171.4","153.9","159.6","143.2","141.7",2002-04-01
"76.3","129","149.9","183","114.8","143.8","170.4","130.6","122.2","142.6","153.8","62.6","25.7","136.2","62.6","83.7","178.4","146","24.3","140.6","218.3","173.7","156.4","159.1","143.7","142.6",2002-07-01
"63.2","129.1","149.2","184.1","111.1","144.1","169.4","133.4","119.5","143.1","153.8","61.6","26.2","132.7","63.8","85.3","179","146.1","24.6","139.1","218.1","174.1","160.3","161","142.2","144",2002-10-01
"52.4","128.1","148.1","185.9","109.8","144.5","174.3","134.6","120","144.1","151.3","63.2","25.8","126.3","65.3","85.5","176.6","146.1","24.4","135.9","218.7","176.8","165.1","158.8","140.7","144.5",2003-01-01
"46.9","128.2","151","189","106.1","145.4","176.3","137","123.1","144.5","153.7","67.6","24.9","129.5","64.3","86.9","173.4","145.1","24.2","135.8","220.8","181.2","166","160.3","140.6","146.9",2003-04-01
"44.9","128.4","153","189.5","103.2","145.2","178.3","138.7","124","144","154.2","67.1","25.4","133.1","63","86.7","171.1","144.3","24.6","135","223.4","179.4","166.2","159.2","138.2","147.7",2003-07-01
"43","130.9","155.7","191.6","100.8","144.3","177.3","143.3","125.4","142.6","154","72","26.3","141.4","63.9","89.4","171","143","24.9","132.1","233.1","176.9","167.6","157.9","133.6","147.8",2003-10-01
"39","130.8","156.4","192.4","101.7","141.4","182.8","145.8","126.9","142.8","153.8","71.8","25.5","142.6","66.5","89","168","141.1","24.8","133.4","232.4","181.1","171.8","156.9","135.5","148.1",2004-01-01
"38.2","131.8","156.7","191.8","101","140.2","183.9","150.5","129","144.4","154.1","74.8","28.3","141.8","66.2","90.8","165.5","138.6","24.5","132.9","231.7","183.5","173.5","157.5","135.7","149",2004-04-01
"37.3","131.4","157.4","191.7","98.8","139.2","186.2","152.3","129.1","144.9","156.6","75.1","28.2","147.4","66.7","91.1","163.8","137.4","24.2","130","231.9","184.1","174.9","156.6","139.9","149.8",2004-07-01
"35.1","130.2","158.5","190.2","94.3","137.9","188.6","156.7","128.9","145.3","157.9","77.1","28.9","159.1","70.7","93.5","164","134.6","24","126.9","233.5","182.3","176.6","158.9","136.7","151.6",2004-10-01
"32.7","130.1","157.8","192.9","94.9","136.7","195","160","129.2","145.2","158.7","80","29.3","158.2","72.9","94.5","164.2","134.1","24.1","123.6","233.6","182","176","159.2","135.8","151.6",2005-01-01
"31.6","133.1","157.8","193.6","94.9","137.3","199.3","165.8","132.4","147.6","162.4","83.7","30.1","160.8","73.7","96.1","161.9","135.7","23.9","120.9","238.6","182.3","178.5","163.9","136.4","153.1",2005-04-01
"29.9","134.3","157.2","193.8","92.8","137","203.4","168","132.4","148","164.5","85.9","30.8","170.6","78","96.6","162.6","136","23.5","121.4","239.7","180.7","178.7","164.8","136.1","154.3",2005-07-01
"29.3","133.8","156.9","191.2","92","136.4","208.1","173.6","133.9","149.4","165.5","88","29.1","176.5","79.1","99.1","163","136.8","24","121.2","237.8","181.7","180.9","167.4","135.3","155.7",2005-10-01
"28.6","134.8","157","190.8","90.6","136.7","211.6","179.5","137.5","150.1","166.3","88.2","26.7","190.5","85.9","100.1","162.3","137.8","24.2","117.7","236.6","181.1","182.5","167.4","133.1","157.3",2006-01-01
"28","136.8","158.2","188.7","90.1","136.9","213.4","184.5","140.7","151.7","168.7","94.6","26.9","202.9","84.6","102","161.1","141.5","24.7","116.8","235.1","181.4","183.2","169.4","131.8","159.1",2006-04-01
"27.4","137.7","159","191.8","89.7","136.4","219.8","188.3","142","152.2","172","94.3","26.6","208.1","87.7","102.7","161.7","144.4","24.7","115.3","236.1","182.9","183.4","169.3","130.9","160.5",2006-07-01
"26.9","136.1","159.1","188.7","89.7","134.6","224.6","194.8","140","153.3","171.9","93.5","27.1","214.1","87.8","105.1","161.7","147.8","25.6","115.4","233.6","183.2","184.2","171.5","129.5","162.3",2006-10-01
"26.3","134.7","162","190.6","90.2","132.1","227.1","197.8","141.2","154","170.1","93","26.3","218.6","93.2","105.9","160.9","149.8","25.8","114","235.2","189.4","185","175.5","126.6","163.3",2007-01-01
"25.8","137.1","164.6","191.7","89.4","131.2","229.2","205.5","143.1","156.3","171","97.3","25.3","221","89","108.5","157.7","151.5","26","113.1","234.2","196.3","189.4","180.7","126.3","165.9",2007-04-01
"25.9","138.2","167.7","192.2","92.2","129.5","232.7","207.3","143.4","157","174.1","101","26","226.3","91.2","109.4","158.3","152.5","27","115.4","234.7","197.2","190.8","184.2","125.5","167.8",2007-07-01
"25.1","140.3","170.1","196.1","94","129.3","237.9","209.3","144.8","157","175.6","107.4","28","227.4","92.2","113","159.4","153.9","28.2","110.5","233.1","201.8","193.9","189.9","124.2","169.2",2007-10-01
"24.3","140.7","174.6","194.2","92.8","128.1","239","208.3","144.6","157.6","178.6","109.6","27.8","240.5","98.3","116.5","158.9","157.5","28.2","106.1","235.7","206.4","197.4","195.4","124","169.9",2008-01-01
"23.2","140.3","179.4","193.9","99.3","127.9","239.9","211.4","148.9","160.5","178.1","104.4","28.7","252.9","96","116.8","159.6","161.2","28","104.6","237.6","207.6","202.5","202.1","124.8","169.5",2008-04-01
"22.9","140.3","184.3","194.8","106.5","128.1","241.2","212.4","152.2","163","179.1","109.9","29.1","265.9","98","116.8","160.2","164.5","28.7","106.7","236.4","209.3","203.9","207","125.4","170.4",2008-07-01
"23.2","142.5","192.1","193.5","113.7","129.9","244.6","214.2","156.1","164.2","185.7","117.1","29.2","283.1","98.6","116.5","164.4","168.3","30","108","235.8","215.9","206.3","217.2","128.3","168.8",2008-10-01
"23.5","142.5","197.4","197.7","114.8","131.4","249","216.7","161.3","166.5","186","134.8","28.1","287.9","102.3","120","166.2","170.6","30.7","111.4","239.7","220.2","211.1","220.3","128.8","168.2",2009-01-01
"23.7","143.3","200.8","202.5","111.9","133","252.9","219.3","167","168.8","182.4","125.5","27.2","291.5","99.2","123.9","167.9","173.1","30.3","115.5","244.1","225.9","215","224.4","131.5","168.9",2009-04-01
"23.3","145","203.6","206","112.6","133.3","257.9","221.3","164.4","170.5","185.7","124.3","26.9","298.4","100.7","124.4","169.7","174.1","30.5","121.6","247.5","226.5","216.2","229","133.4","169.1",2009-07-01
"22.7","145.1","204.4","208.5","110.9","134","260.6","222.8","165.2","172.1","185.4","128.5","27.4","302.8","98.9","125.1","170.8","173.4","30.2","123.5","252.2","225.2","215.4","232.2","132.4","167.5",2009-10-01
"21.9","146","200.3","210.7","110.4","132.8","262.5","223.8","169.2","172.2","186.6","127.8","25.8","304.3","102.2","125.3","168.9","171.6","30","120.7","258","223.3","215","229.7","128.3","165.6",2010-01-01
"21.4","147.5","199.3","207.1","110.2","132.6","258.9","226.8","172.6","171.9","182.6","134.5","27.4","301.6","100.2","125.7","167","171","30.2","119.5","262.9","226.6","216.5","228.2","127","163",2010-04-01
"21","147.4","194.7","207.2","105","131.7","254.3","225.1","170.8","171.5","182.3","126.8","27.4","293.5","99.6","125.8","164.6","170.3","29.8","118.3","263.8","226.9","214.8","225.5","125.8","161",2010-07-01
"21.1","147.7","190.5","208.6","103.3","129.6","249.9","224","167.2","172.6","177.7","125.5","28.7","310.2","103.7","125.8","163","168.7","29.8","120","265.3","225.9","218","220","129.7","159",2010-10-01
"20.7","145.4","192.5","209.4","103","125.5","249","221.7","168","172.9","176.2","119.1","28.2","311.4","103.4","125.7","162","169","30.2","118.8","266.6","225.8","220.2","221","131.1","157.3",2011-01-01
"20.8","145.5","196.2","212.4","103.5","124.3","249.1","221.7","167.8","175.3","175.7","119.6","29.5","308.6","101.3","125.9","161.9","170.2","30.1","119.5","270.9","223.8","221.5","221.5","133","155.9",2011-04-01
"21.2","144.9","198","213.9","107.5","124.8","254.7","220.4","167.4","177.4","174.6","124.4","31","312.9","100.5","125.4","162.7","172.9","31.7","120.4","272.3","220.7","222.8","222.7","134.9","154.8",2011-07-01
"21.1","145.2","200.8","215.2","110.1","124.6","256.7","219.6","168.2","178.7","172.9","125.8","32.1","315.1","103.2","124.7","163","172.8","31.9","121.9","276.9","218.6","223.2","223.5","140.6","154.1",2011-10-01
"20.7","144.4","205.2","216.9","110","124","258.9","220.1","169.1","180.6","175.2","119.8","33","322","103.8","125.3","161.9","173.3","31","118.7","278.9","227.7","224.3","230.1","142.8","152.5",2012-01-01
"20.9","145.3","208.7","218.2","113.1","124.4","258.9","220.3","169.7","182.5","176.3","118.6","34.6","327.5","102","125.9","158.8","174.6","31.4","122.8","282.3","226.3","226.1","228.7","144.7","151.3",2012-04-01
"21.2","145.1","208.9","219.4","113.2","124.2","255.8","219.1","170.3","182.5","176.1","114","35.3","327","103.8","126","159.8","176.2","31.6","123.3","283.1","225.8","229","233.1","146.9","151",2012-07-01
"22","143.4","205.7","222.5","116.7","123.8","257.7","211.4","171.5","182.9","173.7","115.2","36.8","313.8","105.8","126.9","161","175.3","32","124.1","282","226","231.6","227.1","145.8","150.8",2012-10-01
"21.7","143.1","208.9","222.7","116.8","123.6","255.6","208.8","176.3","182.9","171.2","117.8","36.7","306.7","105","126.2","161.1","177.3","31.8","125.6","282.3","226.5","230.1","231.7","145.4","149.6",2013-01-01
"21.8","142.6","212.1","221.6","119.7","124.3","253.8","206.8","176.2","181.5","172.2","114.1","38.4","297.8","104.9","125.9","159.7","177.5","32.8","128","283","227.7","228.1","234.3","148.1","149.5",2013-04-01
"22","142.3","206.9","221","120.7","124.4","252.8","204.4","176","182","169.6","111.4","40.3","293.4","104.4","125.6","159.4","177.1","34","128.4","283.1","225.5","224.1","232.2","148.2","149.8",2013-07-01
"22.8","146.5","205.3","222.9","124.6","124.3","246.9","202","176.2","181.2","166.8","107.8","41.2","296.7","104.2","125","159.4","176.2","35.1","130.4","281.9","223.6","220.1","231.7","152","149.9",2013-10-01
"22.4","145","199.4","223.7","126.6","123.5","246.8","198.5","175.3","182.6","163.6","107.3","40","292.6","103","124.7","158.3","176.5","35.1","129.4","281.3","224.1","215.8","236.8","152.4","149.7",2014-01-01
"20.8","145.4","201.8","225.6","127.4","123.7","244.3","197.4","175.5","184.7","161.2","107","41.1","294.3","100.7","124.7","156.6","176.7","35.4","129.3","282.7","224.7","212.2","235","153.3","149.6",2014-04-01
"20.2","145.3","203.7","226.3","132","122.6","248.7","195","176","186","160","105.6","41.5","292.6","100.5","124.4","156.9","178.8","35.6","129.1","282.9","226.4","210","232.1","153.7","148.8",2014-07-01
"19.7","141.8","207","226.7","135.6","118.2","247.5","190","182.5","186.9","158.6","104.7","42.1","300.7","101.1","123","157.5","179.6","36.5","132.8","288.7","229.6","208.2","233","156","148.9",2014-10-01
"19.4","143.8","216.2","227.3","137.1","118.9","247.5","189.3","187.2","189.5","160.1","99.6","41.6","401.4","99.7","123.1","156.1","179.5","36.8","134","293.9","235.5","205.3","235.7","155.7","148.2",2015-01-01
"19.7","142.1","206.6","226.1","137.7","118.8","244.4","185.1","190.7","189.9","155.7","100","42.5","366","97.5","122.3","153.5","179.5","37.5","135.4","291.8","239.7","202.1","234.2","157","148.9",2015-04-01
"19.7","141.9","212.9","226.9","147","118.7","246.4","181.3","193.3","190.4","156","95.9","42.9","336.5","98.1","121.3","152.8","180.7","39.2","136.7","289.1","244.5","199.3","233","158.2","149",2015-07-01
"21.5","141.7","209","230.6","146.9","117.8","245.3","177.9","189.4","192.6","156","94.8","43.2","323","98","119","153.1","180.8","39.7","136.4","286.5","249.6","196.7","236.7","159.4","149",2015-10-01
"21.1","141.4","225.1","236.5","144","118.3","244.8","174.2","186.1","195","156.4","93.7","42.2","322.6","95","117.5","152.7","180.7","40.6","134.7","285","251.1","192.7","232","161.1","149.5",2016-01-01
"20.6","141.1","229.9","235.5","143.2","118.1","245.5","174.1","184.4","197.2","159.2","94.4","42.6","322.2","94.6","117.7","152.9","181.1","41.7","134.3","284.2","254.6","190.3","232.6","160.5","150.2",2016-04-01
"20.6","142.2","229.3","236.2","143.1","118.3","247.1","171.2","182","198.3","161.4","89.7","42.3","304","90.2","116.9","154","181.2","42.5","135","290.5","256.8","187.7","235","158.5","151.3",2016-07-01
"20.8","142.1","229.2","237.6","144.1","117.6","242.7","169.2","179.5","199.5","159.4","89.8","43.1","304.2","91.9","115","155.5","181.7","42.8","136.7","286.2","256.9","184.3","236.1","156.9","150.8",2016-10-01
"20.4","142.9","224","238.8","143.6","118.6","239.9","168.3","181.3","200.5","160.1","88","41.9","301.5","87.3","114.8","156","181.1","41.1","134.8","286.6","253","183.5","240.6","154.6","151",2017-01-01
"21.3","141.8","220.6","242.5","143.1","118.2","237","166.6","183.1","200.7","159.7","86.7","42.1","288.3","87.8","113.8","155.3","182.5","40.5","134","283.1","251.1","181.1","240","154.7","151.6",2017-04-01
"22.5","141.6","216","242.9","140.9","117.9","235.7","163.4","185.5","200.5","160.9","85.7","41.5","279.9","85.9","112","155.3","182.2","41.1","132","281.7","247.4","178.7","238.9","152.9","151.7",2017-07-01
"24.9","141.5","216.7","246.8","138.9","117.7","234.5","159.9","186.8","200.8","161.6","83.7","42","269.7","87.6","112.1","155.9","181.9","42.5","132.7","275.9","244.9","176.7","240.7","153.3","152.4",2017-10-01
"25.4","142.3","214","251.1","137.7","118.6","234.5","158.3","186.6","201.8","159.6","82.6","41.4","259.8","85.3","111.1","155.2","182.9","41.5","133.8","275.9","243.3","173.7","246.9","152.3","151.5",2018-01-01
"28.8","141.8","214.4","244.1","139.5","119.6","235.7","158.6","187.7","203","159.1","85.3","42.4","260.7","85.6","111.2","155.8","184.2","42.5","136.8","271.9","240.3","170.5","247","152.9","152.2",2018-04-01
"33.3","142","211","240.9","141.7","120.6","235.3","156.8","187.7","203.9","157","83.5","42.9","258.1","85.5","110.8","157.2","186.1","41.5","136.3","269.1","236.1","169.2","248","152.9","151.7",2018-07-01
"29","141.9","210.8","239.4","145.7","120","235.2","153.6","187.3","204.2","156.3","82.1","43.1","265.9","86.8","110.4","159.2","187.4","41.8","136.5","266","233.1","167.1","246.9","154.4","151.6",2018-10-01
"29.1","143","210.2","241.7","146","120.9","239","153.8","186.7","208.1","154.1","81.7","42.7","263.9","90","109.5","160","188.7","41.9","136.4","263.2","233.6","165.7","252","153.9","151.3",2019-01-01
"26.6","144","210.7","245.1","149.4","121.9","241.6","152.5","185.1","209.6","155.2","82.7","42.8","258.2","87.1","109.6","160.7","191.4","42.1","135.9","259.9","238.8","164.6","253.8","153.6","151.6",2019-04-01
"30.1","142","213.1","247.9","155.1","122","244.9","151.6","185","211.6","156.8","82.1","42.9","254","86.7","109.7","162","194","42.1","135.4","257","244.3","163.2","254.5","153.4","151.8",2019-07-01
"27.9","141.9","212.8","256.8","157.9","121.8","246.8","149.4","183.5","211.8","154.8","82.2","42.9","235.1","87.2","109.4","163.9","196.2","41.1","136.6","252.1","247.9","160.9","255.1","154.5","151.5",2019-10-01
"27","144.4","211.8","255.8","165.2","123.1","244.7","149.9","184.4","215.2","156.5","86.4","44.7","243.6","88.9","111","165.4","200.2","45.3","136.5","254.1","255.9","161.5","258.9","157.8","154.7",2020-01-01
"28.7","149.3","220.6","262.3","173.3","128.3","249","162.2","188.9","230.8","165","87.3","43.7","242.8","93","117","177","205.8","46.6","144.1","259.1","265.4","170.8","264","165","161.1",2020-04-01
"28.9","151.3","220.9","265.8","172.5","130.3","243.2","165.2","190.5","235.3","166.5","90.3","44.9","224.1","94.3","119.8","180.2","210.5","46.1","147.2","259.4","269.1","173.5","267","169.9","162.9",2020-07-01
"29.6","152.7","221.4","266.6","164.2","131.8","244","169.4","193.1","239.4","168.6","90.8","44.2","216.4","95.2","121.8","182.5","213.7","44.3","149.9","253.8","270.8","175.7","269.4","175.8","164.8",2020-10-01
"28.4","156.5","222.4","277.7","162","133.6","243.9","171.2","193.9","238.9","168.2","95.8","44.5","212.5","97","122.5","183.5","216.2","44.3","150.7","257.1","268.2","178.3","279.6","178.6","165.8",2021-01-01
"25.6","151.9","214","275.9","153.8","131.3","238.5","168.1","190.4","232.5","163.5","93.7","43.6","203.4","90.4","118.4","182.4","218.1","41.8","143.9","253.9","259","174.2","274.7","176.4","161.3",2021-04-01
"23.8","151.4","210.2","274","153.3","130.7","237.2","164.9","188.9","231.3","161.4","95.8","42.4","197","87.7","117.1","182.6","220.4","41.4","144.5","250.7","246.7","173.5","274","178.6","159.6",2021-07-01
